{
  "defaultEnv": "development",
  "development": {
    "driver": "pg",
    "user": {"ENV": "DB_USER"},
    "password": {"ENV": "DB_USER_PASS"},
    "host": {"ENV": "DB_HOST"},
    "database": {"ENV": "DB_NAME"},
    "port": {"ENV": "DB_PORT"}
  },
  "production": {
    "driver": "pg",
    "user": {"ENV": "DB_USER"},
    "password": {"ENV": "DB_USER_PASS"},
    "host": {"ENV": "DB_HOST"},
    "database": {"ENV": "DB_NAME"},
    "port": {"ENV": "DB_PORT"}
  },
  "pg": {
    "driver": "pg",
    "user": {"ENV": "DB_USER"},
    "password": {"ENV": "DB_USER_PASS"},
    "host": {"ENV": "DB_HOST"},
    "database": {"ENV": "DB_NAME"},
    "port": {"ENV": "DB_PORT"},
    "ssl": "true",
    "schema": "public"
  },
  "sql-file" : true
}
