{
  "ROLE": {
    "ROLE_SUPER_ADMIN": "super_admin",
    "ROLE_ADMIN": "system_admin",
    "ROLE_MANAGER": "manager",
    "ROLE_WORKER": "worker"
  },
  "ROLE_ID": {
    "ROLE_SUPER_ADMIN": 1,
    "ROLE_ADMIN": 2,
    "ROLE_MANAGER": 3,
    "ROLE_WORKER": 4
  },
  "LEVEL": {
    "LEVEL_SUPER_ADMIN": 1001,
    "LEVEL_ADMIN": 2001,
    "LEVEL_MANAGER": 3001,
    "LEVEL_WORKER": 4001
  },
  "WORKER_TYPE": {
    "HEALTHCARE": "Healthcare Worker",
    "PHYSICAL": "Physical Therapist or Fitness Instructor",
    "VOLUNTEER": "Volunteer"
  },
  "WORKER_TYPE_ID": {
    "HEALTHCARE": 1,
    "PHYSICAL": 2,
    "VOLUNTEER": 3
  },
  "STATUS": {
    "DISABLE": 0,
    "ENABLE": 1
  }
}
